{"entities":{"pages":{"starter-topic":{"id":"starter-topic","title":"ByteBabe CLI","url":"starter-topic.html","level":0,"tabIndex":0},"getting-started":{"id":"getting-started","title":"Getting Started","url":"getting-started.html","level":0,"pages":["installation","quick-start"],"tabIndex":1},"installation":{"id":"installation","title":"Instalação","url":"installation.html","level":1,"parentId":"getting-started","tabIndex":0},"quick-start":{"id":"quick-start","title":"Quick Start","url":"quick-start.html","level":1,"parentId":"getting-started","tabIndex":1},"windows-support":{"id":"windows-support","title":"Suporte Windows (Em Breve)","url":"windows-support.html","level":0,"tabIndex":2},"core-modules":{"id":"core-modules","title":"Core Modules 🛠️","url":"core-modules.html","level":0,"pages":["docker-module","database-module","firewall-module","git-module"],"tabIndex":3},"docker-module":{"id":"docker-module","title":"Docker Module 🐳","url":"docker-module.html","level":1,"parentId":"core-modules","pages":["container-management","image-management","volume-management","compose-operations","docker-monitoring"],"tabIndex":0},"container-management":{"id":"container-management","title":"Container Management 🎮","url":"container-management.html","level":2,"parentId":"docker-module","tabIndex":0},"image-management":{"id":"image-management","title":"Image Management 🏴‍☠️","url":"image-management.html","level":2,"parentId":"docker-module","tabIndex":1},"volume-management":{"id":"volume-management","title":"Volume Management 💾","url":"volume-management.html","level":2,"parentId":"docker-module","tabIndex":2},"compose-operations":{"id":"compose-operations","title":"Compose Operations 🎭","url":"compose-operations.html","level":2,"parentId":"docker-module","tabIndex":3},"docker-monitoring":{"id":"docker-monitoring","title":"Docker Monitoring 📊","url":"docker-monitoring.html","level":2,"parentId":"docker-module","tabIndex":4},"database-module":{"id":"database-module","title":"Database Module 🗄️","url":"database-module.html","level":1,"parentId":"core-modules","pages":["supported-databases","backup-restore","migration-tools","database-monitoring"],"tabIndex":1},"supported-databases":{"id":"supported-databases","title":"Bancos Suportados 📚","url":"supported-databases.html","level":2,"parentId":"database-module","tabIndex":0},"backup-restore":{"id":"backup-restore","title":"Backup e Restore 💾","url":"backup-restore.html","level":2,"parentId":"database-module","tabIndex":1},"migration-tools":{"id":"migration-tools","title":"Ferramentas de Migração 🔄","url":"migration-tools.html","level":2,"parentId":"database-module","tabIndex":2},"database-monitoring":{"id":"database-monitoring","title":"Monitoramento de Bancos 📊","url":"database-monitoring.html","level":2,"parentId":"database-module","tabIndex":3},"firewall-module":{"id":"firewall-module","title":"Firewall Module 🛡️","url":"firewall-module.html","level":1,"parentId":"core-modules","pages":["security-profiles","rule-management","advanced-features","firewall-monitoring"],"tabIndex":2},"security-profiles":{"id":"security-profiles","title":"Perfis de Segurança 🔒","url":"security-profiles.html","level":2,"parentId":"firewall-module","tabIndex":0},"rule-management":{"id":"rule-management","title":"Gerenciamento de Regras 📋","url":"rule-management.html","level":2,"parentId":"firewall-module","tabIndex":1},"advanced-features":{"id":"advanced-features","title":"Recursos Avançados ⚙️","url":"advanced-features.html","level":2,"parentId":"firewall-module","tabIndex":2},"firewall-monitoring":{"id":"firewall-monitoring","title":"Monitoramento do Firewall 📊","url":"firewall-monitoring.html","level":2,"parentId":"firewall-module","tabIndex":3},"git-module":{"id":"git-module","title":"Git Module 🔄","url":"git-module.html","level":1,"parentId":"core-modules","pages":["branch-management","staging-operations","git-workflows","git-hooks"],"tabIndex":3},"branch-management":{"id":"branch-management","title":"Branch Management 🌿","url":"branch-management.html","level":2,"parentId":"git-module","tabIndex":0},"staging-operations":{"id":"staging-operations","title":"Staging Operations 📂","url":"staging-operations.html","level":2,"parentId":"git-module","tabIndex":1},"git-workflows":{"id":"git-workflows","title":"Git Workflows 🔄","url":"git-workflows.html","level":2,"parentId":"git-module","tabIndex":2},"git-hooks":{"id":"git-hooks","title":"Git Hooks 🪝","url":"git-hooks.html","level":2,"parentId":"git-module","tabIndex":3},"dev-tools":{"id":"dev-tools","title":"Development Tools 🛠️","url":"dev-tools.html","level":0,"pages":["project-scaffolding","code-generators","testing-tools","debugging-tools"],"tabIndex":4},"project-scaffolding":{"id":"project-scaffolding","title":"Terminal Tools","url":"project-scaffolding.html","level":1,"parentId":"dev-tools","tabIndex":0},"code-generators":{"id":"code-generators","title":"Database Tools","url":"code-generators.html","level":1,"parentId":"dev-tools","tabIndex":1},"testing-tools":{"id":"testing-tools","title":"API Tools","url":"testing-tools.html","level":1,"parentId":"dev-tools","tabIndex":2},"debugging-tools":{"id":"debugging-tools","title":"Browser Tools","url":"debugging-tools.html","level":1,"parentId":"dev-tools","tabIndex":3},"servers":{"id":"servers","title":"Web Servers 🌐","url":"servers.html","level":0,"pages":["apache-server","nginx-server","ssl-configuration","docker-integration"],"tabIndex":5},"apache-server":{"id":"apache-server","title":"Apache Server 🚀","url":"apache-server.html","level":1,"parentId":"servers","tabIndex":0},"nginx-server":{"id":"nginx-server","title":"Nginx Server 🔄","url":"nginx-server.html","level":1,"parentId":"servers","tabIndex":1},"ssl-configuration":{"id":"ssl-configuration","title":"SSL Configuration 🔒","url":"ssl-configuration.html","level":1,"parentId":"servers","tabIndex":2},"docker-integration":{"id":"docker-integration","title":"Docker Integration 🐳","url":"docker-integration.html","level":1,"parentId":"servers","tabIndex":3},"security":{"id":"security","title":"Security 🔐","url":"security.html","level":0,"pages":["access-control","encryption","security-best-practices","vulnerability-scanning"],"tabIndex":6},"access-control":{"id":"access-control","title":"Access Control 🔑","url":"access-control.html","level":1,"parentId":"security","tabIndex":0},"encryption":{"id":"encryption","title":"Encryption 🔒","url":"encryption.html","level":1,"parentId":"security","tabIndex":1},"security-best-practices":{"id":"security-best-practices","title":"Security Best Practices ✅","url":"security-best-practices.html","level":1,"parentId":"security","tabIndex":2},"vulnerability-scanning":{"id":"vulnerability-scanning","title":"Vulnerability Scanning 🔍","url":"vulnerability-scanning.html","level":1,"parentId":"security","tabIndex":3},"flux":{"id":"flux","title":"Flux - Terminal API Studio 🌊","url":"flux.html","level":0,"pages":["flux-testing","flux-docs","flux-monitor","flux-security"],"tabIndex":7},"flux-testing":{"id":"flux-testing","title":"Testing Module 🧪","url":"flux-testing.html","level":1,"parentId":"flux","tabIndex":0},"flux-docs":{"id":"flux-docs","title":"Documentation Module 📚","url":"flux-docs.html","level":1,"parentId":"flux","tabIndex":1},"flux-monitor":{"id":"flux-monitor","title":"Monitoring Module 📊","url":"flux-monitor.html","level":1,"parentId":"flux","tabIndex":2},"flux-security":{"id":"flux-security","title":"Security Module 🔒","url":"flux-security.html","level":1,"parentId":"flux","tabIndex":3},"troubleshooting":{"id":"troubleshooting","title":"Troubleshooting","url":"troubleshooting.html","level":0,"pages":["common-issues","error-messages","debugging-guide","support"],"tabIndex":8},"common-issues":{"id":"common-issues","title":"Common Issues 🔧","url":"common-issues.html","level":1,"parentId":"troubleshooting","tabIndex":0},"error-messages":{"id":"error-messages","title":"Error Messages 📝","url":"error-messages.html","level":1,"parentId":"troubleshooting","tabIndex":1},"debugging-guide":{"id":"debugging-guide","title":"Debugging Guide 🔍","url":"debugging-guide.html","level":1,"parentId":"troubleshooting","tabIndex":2},"support":{"id":"support","title":"Support 💬","url":"support.html","level":1,"parentId":"troubleshooting","tabIndex":3},"contributing":{"id":"contributing","title":"Contributing 🤝","url":"contributing.html","level":0,"pages":["development-setup","coding-standards","testing-guidelines","documentation-guidelines"],"tabIndex":9},"development-setup":{"id":"development-setup","title":"Development Setup 🛠️","url":"development-setup.html","level":1,"parentId":"contributing","tabIndex":0},"coding-standards":{"id":"coding-standards","title":"Coding Standards 📝","url":"coding-standards.html","level":1,"parentId":"contributing","tabIndex":1},"testing-guidelines":{"id":"testing-guidelines","title":"Testing Guidelines 🧪","url":"testing-guidelines.html","level":1,"parentId":"contributing","tabIndex":2},"documentation-guidelines":{"id":"documentation-guidelines","title":"Documentation Guidelines 📚","url":"documentation-guidelines.html","level":1,"parentId":"contributing","tabIndex":3}}},"topLevelIds":["starter-topic","getting-started","windows-support","core-modules","dev-tools","servers","security","flux","troubleshooting","contributing"]}